TripLogId,DumperMachineNumber,MachineType,LoadLongitude,LoadLatitude,DumpLongitude,DumpLatitude,MassTypeMaterial,Quantity
6228433984570b0000300253,22,Truck,10.378260640257142,59.9507273039892,10.32145898765391,59.97806170099972,Stone,28.0
622843465233230000bf1f33,1,Truck,10.377700838310114,59.95203639937294,10.32335227314316,59.97271368238128,Soil,16.0
6228440ec2036d0000c7006e,40,Truck,10.378744599683564,59.95148636283524,10.32256248417138,59.97626315533797,Stone,28.0
6228442ca496620000920c19,25,Truck,10.390656508082252,59.94602939530768,10.322434666301069,59.97624629467109,Stone,27.0
622844ad61a90f0000cfe051,41,Dumper,10.375328232110396,59.95208477898992,10.374570759665922,59.95209428552757,Stone,30.0
622844b5873e8d0000cffcfa,26,Truck,10.379756813772229,59.9484475048244,10.41887499526304,59.939922058670014,Stone,30.0
622844caf79d3a00005ddbe4,16,Truck,10.37771613677726,59.95194838360974,10.324831694599458,59.9728328795804,4,16.0
622844fe89bb640000727744,38,Truck,10.375367473967357,59.9520553819667,10.374683142147273,59.95205166879376,Stone,28.0
62284583fd9ca70000ad0db0,37,Dumper,10.396992236018647,59.94565555980433,10.40161414845902,59.941153520510674,Stone,40.0
622845cc05461200005093a4,15,Truck,10.37550644846804,59.95198216620624,10.374783063960674,59.95204479981035,Stone,28.0
622845d38212cf000062c4c6,30,Truck,10.37881366827971,59.95140483784861,10.321020018928497,59.977561057298914,Stone,29.0
62284607d476ff0000b667e9,44,Truck,10.378237536230303,59.95076223530861,10.32245730867918,59.97627172069785,Stone,28.0
622846405371d2000031e606,24,Truck,10.375698789371857,59.95187508072627,10.374733519379634,59.952059153934485,Stone,26.0
6228469ca529af000039da06,20,Truck,10.39060083766585,59.94598697452684,10.323253522176351,59.977066088139374,Stone,16.0
6228470ce7282b000038bb87,41,Dumper,10.375255864270288,59.952086929004686,10.3746323558218,59.95210334027412,Stone,30.0
6228470d621bae0000278935,13,Truck,10.378279136503467,59.9507417623512,10.322527578110176,59.97626453178001,Stone,30.0
62284732ffe2fc0000bfd7cf,5,Truck,10.417732890087414,59.94012434109814,10.4204116059082,59.93971609266919,Stone,16.0
6228475a7ad596000048ddf6,38,Truck,10.375508457703637,59.95213404060499,10.374734265813718,59.952074123892615,Stone,28.0
622847e5974cb4000039d71a,15,Truck,10.37555309668717,59.95197291794746,10.374784377941532,59.95207143603691,Stone,28.0
622847ec33517c0000a5cd0e,34,Truck,10.418858392643662,59.93982978547014,10.420349528245454,59.939741149878806,Stone,25.5
622848204ed9b600005e31e6,11,Truck,10.320056860728332,59.97771192501956,10.320830418893497,59.97791648827599,Stone,27.0
6228487214504d00007da9cf,24,Truck,10.375360039696874,59.95200507509803,10.374778000901602,59.95209079934368,Stone,26.0
622848d051d8100000f8ce7e,52,Truck,10.41929849914868,59.93977615709616,10.420428632264247,59.93973509456687,Stone,16.0
622848e56ea64500008bb06e,41,Dumper,10.375356758962557,59.95208188716397,10.374547061080175,59.95208931097821,Stone,30.0
62284935e203af0000980f08,38,Truck,10.375531426387704,59.95211114526354,10.374613366194788,59.95207048823853,Stone,28.0
6228494fa930db0000a11eca,19,Dumper,10.419462093743624,59.9396987504801,10.422523784818328,59.938541534558304,Stone,22.0
62284974348f5400009766e4,22,Truck,10.378282258414574,59.95071963105784,10.321516337337783,59.97804419036484,Stone,28.0
622849d4defa230000e03bc0,15,Truck,10.37555467817803,59.951973482177,10.374692880699916,59.95207210078999,Stone,28.0
622849d949b9cb0000d8ac2b,40,Truck,10.378790173541324,59.9514458890046,10.321297639957065,59.977717322133685,Stone,28.0
622849f5f58cd60000ab4297,5,Truck,10.420240828181024,59.939500193951694,10.420431849702537,59.939725227412,Stone,16.0
622849f948437b000040b98d,1,Truck,10.3796235565103,59.94852595174538,10.321676747852733,59.97640207995062,Stone,16.0
62284a3e6cf8cf000039a24a,37,Dumper,10.397022035202433,59.94564771336514,10.401675505711308,59.94116071491048,Stone,40.0
62284a793aa8ff0000666651,24,Truck,10.375282616595696,59.95197345728717,10.374643123181553,59.95206949762383,Stone,26.0
62284a9134c02b0000cce8bc,34,Truck,10.418884696789018,59.93982090901631,10.42037583686722,59.93975141645107,Stone,15.5
62284ad7cb5a8d00000d07a3,25,Truck,10.390701536743569,59.94602817181495,10.322478293750564,59.97624112542189,Stone,27.0
62284aebb266440000b4306b,41,Dumper,10.37551631883973,59.95196219478975,10.383611667183056,59.94704838179466,Stone,30.0
62284b093fcbed000024c22f,26,Truck,10.37989420741028,59.94845877594528,10.419685439046932,59.93974206136021,Stone,30.0
62284b23e4e8fb00006dd4a2,52,Truck,10.41897385428536,59.9398097097352,10.420388563831974,59.93970346350181,Stone,16.0
62284b4fbf9bbf0000a70e60,38,Truck,10.3756164919619,59.95207412280453,10.374559848457904,59.95208899045532,Stone,28.0
62284ba45f375a0000da7e72,19,Dumper,10.41951324636445,59.93968332587475,10.422548645094814,59.938556353866666,Stone,22.0
62284bd1060ff50000a0d1c7,30,Truck,10.37880839146206,59.95141775235015,10.321089401514657,59.97754068767953,Stone,29.0
62284bdd57a3900000d1cc11,15,Truck,10.375512385143274,59.95198602526079,10.374541434730482,59.95208421986268,Stone,28.0
62284c296439770000c061f3,16,Truck,10.377885588838828,59.951551928344415,10.324872372936223,59.972867222936735,4,16.0
62284c74d0ba4d0000e4355c,24,Truck,10.375839172515992,59.95187624970296,10.374742610062311,59.95206620059567,Stone,26.0
62284c7bc3f68a0000f94360,5,Truck,10.42015705209783,59.93951920386724,10.420405149331453,59.939716214912856,Stone,16.0
62284c9330e76b0000cb8987,44,Truck,10.378267088027268,59.95073598249825,10.322481369709092,59.9762502867906,Stone,28.0
62284ce576cbf6000099a280,38,Truck,10.375361854197555,59.95205138952375,10.374610862957253,59.95209244541842,Stone,28.0
62284d23c491fb00004eb8ef,34,Truck,10.418854469612764,59.93982773963985,10.419901796023291,59.93983055564485,Stone,15.5
62284d549691c400004ae7d9,41,Dumper,10.37533454216263,59.95203548755369,10.383668799320532,59.947000039395306,Stone,30.0
62284db25e57cd000053ec57,37,Dumper,10.39695783476166,59.945662181523176,10.40178746587105,59.94116881610798,Stone,40.0
62284db50b16f40000b238e3,15,Truck,10.375520885666846,59.9519629866402,10.374509466167934,59.95210166073021,Stone,28.0
62284dbe3d198d00001c2e80,52,Truck,10.418913788852244,59.93982281324694,10.420160369419932,59.93981574075186,Stone,16.0
62284e4a58e68d0000a2b852,24,Truck,10.375615572477484,59.95189553706428,10.374491488041349,59.95208764002633,Stone,26.0
62284e4f40539500004c5b3d,19,Dumper,10.41950429059381,59.93968631993764,10.42256709468367,59.93856286069483,Stone,22.0
62284ea44985ba000051b960,13,Truck,10.378220882276423,59.95072822557758,10.321192676211076,59.97637257451189,Stone,30.0
62284ec9df905900005a11c4,11,Truck,10.378846304141153,59.95139331153506,10.320804429224594,59.97792361963101,Stone,27.0
62284ecca89b560000c2de4f,5,Truck,10.419549722509696,59.93967599622565,10.420484699347384,59.93974537931216,Stone,16.0
62284ef5949c0000008e90d5,1,Truck,10.32649915475957,59.976237848667374,10.321308713932345,59.97659441544957,Stone,16.0
62284f09a089860000163220,38,Truck,10.375482283037009,59.95199100366773,10.374530861057394,59.95209798691484,Stone,28.0
62284f1d5c7088000087be9a,26,Truck,10.379783900218833,59.948479277107936,10.419953638257002,59.939661091964126,Stone,30.0
62284f4cbcea7d0000942c02,41,Dumper,10.375874915972313,59.95205141203932,10.38376448614654,59.94698399069589,Stone,30.0
62284f61347ebb0000c3617a,34,Truck,10.41890226407997,59.93982015783452,10.420432011854295,59.93974329880359,Stone,15.5
62284fa30f27c20000445b0e,22,Truck,10.378854799866463,59.9512185113599,10.320779135697752,59.97804110651296,Stone,28.0
62284fe3b103690000ddde8e,15,Truck,10.375559502755063,59.95197407669313,10.374695852168577,59.95209727574348,Stone,28.0
62284ff6db888e0000c5f353,52,Truck,10.418971024118392,59.93981157943745,10.420446747485585,59.93977574797356,Stone,16.0
62285059c9b3570000896b14,19,Dumper,10.419513738273126,59.93968443933304,10.422623939019486,59.93857842370999,Stone,22.0
622850719c54e800005939f3,24,Truck,10.375357270134783,59.951976702161865,10.374589021521022,59.95208949380316,Stone,26.0
6228507396a2430000c8bde8,40,Truck,10.377938801185994,59.95085841334552,10.321154292317482,59.97780147036772,Stone,28.0
622850b4bda8d300000ec8d4,20,Truck,10.322169608953914,59.97831597663596,10.324767998193414,59.9770700932738,Stone,16.0
622850d293d96a0000327d57,5,Truck,10.41744736449247,59.940102169330025,10.420509230843347,59.93973429654528,Stone,16.0
6228514a8b100400005f18b5,30,Truck,10.378927005390658,59.95128614658862,10.321128177908298,59.97757827452666,Stone,29.0
62285186ff7f25000004ae39,37,Dumper,10.396983608999845,59.94568097693927,10.401846345501204,59.94117196427167,Stone,40.0
622851a2dfb9e8000004b26c,15,Truck,10.375566214363198,59.9519693542154,10.374500132330509,59.95211685137588,Stone,28.0
622851adf29cb6000002bd46,34,Truck,10.418895009938312,59.93982080470161,10.41826384811585,59.940029913554,Stone,15.5
622851c7ee5a5300005ab9f3,25,Truck,10.39081780333131,59.9460673812202,10.32088139481381,59.97650076321184,Stone,27.0
622851dc0096f700006b4f24,38,Truck,10.374518666021602,59.95211141889805,10.374531908687205,59.95209966314261,Stone,28.0
6228521b0e8db3000068916f,41,Dumper,10.375334468445356,59.952086699194815,10.383675926511216,59.94698277786762,Stone,30.0
622852758dd087000070eb6b,52,Truck,10.418960118963058,59.93981329994916,10.420408102390557,59.93973877489505,Stone,16.0
6228527f7a191b00005787a6,24,Truck,10.375368219492968,59.9520006517952,10.37458854916695,59.952119102571935,Stone,26.0
622852d440fc2b00003ff3f9,19,Dumper,10.41951368765082,59.9396845419592,10.422675852923806,59.93857543711267,Stone,22.0
6228533b4f31550000fc0e58,20,Truck,10.390850841208724,59.94605600342861,10.322917218828447,59.97684347365284,Stone,16.0
622853450f659600009696bd,38,Truck,10.37539540327514,59.95205099783041,10.321122626900456,59.97748935845267,Stone,28.0
62285356fb6a740000e40f8c,5,Truck,10.417403339885622,59.94012466807437,10.420460152955553,59.939702147079686,Stone,16.0
622853de46a3f700000a13aa,34,Truck,10.418891653489332,59.93982108658478,10.420456719691458,59.93972867776072,Stone,15.5
622853fdb7a7960000b41066,26,Truck,10.379729852964733,59.94849604517437,10.419839721758336,59.93968527859792,Stone,30.0
6228543192d8390000b960d2,15,Truck,10.375518330078885,59.95197830816249,10.321082285059196,59.977627235315786,Stone,28.0
6228549eb19a0f0000aa397d,52,Truck,10.418916025896737,59.93982425302981,10.420244636075426,59.93978709943078,Stone,16.0
622854c5dc010c0000eb8fae,37,Dumper,10.397021933535433,59.945673022352615,10.401857752998312,59.94117198479545,Stone,40.0
622854eebd4a9700003ab3cb,24,Truck,10.378793808126291,59.95143018167077,10.322673829688116,59.97626257584465,Stone,26.0
62285575307f150000b2d915,19,Dumper,10.419515666018809,59.93968375342582,10.422712403158515,59.93859155674388,Stone,22.0
622855c7ca2c480000e5030b,16,Truck,10.37773862834798,59.95161006302928,10.330299293519918,59.9741860722926,Soil,16.0
6228560511bae00000ea3aaf,22,Truck,10.378878482918273,59.95103620914898,10.321429512389791,59.97806058019291,Stone,28.0
6228560746aeda0000216c67,36,Dumper,10.3746413823469,59.95228131765648,10.383683842308692,59.94698285459973,Stone,30.0
622856246eb7f5000007637a,5,Truck,10.417390923879925,59.94014373909023,10.420467894632694,59.93972994740876,Stone,16.0
622856e6d107120000654248,34,Truck,10.41889670270004,59.93982075634456,10.42042309928404,59.93974083598308,Stone,15.5
622856ffc4da330000410e7b,44,Truck,10.37876666986328,59.9513974015744,10.37877185275214,59.951367793788464,Stone,28.0
62285707117209000067618e,11,Truck,10.378861977020096,59.95106897644911,10.34466640755108,59.96390812464082,Stone,27.0
622857f1ec7e800000be6078,52,Truck,10.41896505007069,59.939812815631946,10.420439785284175,59.93975735654737,Stone,16.0
6228588435c06100003650c4,37,Dumper,10.397004259344955,59.94567707535776,10.402024192583273,59.9411796953814,Stone,40.0
6228588e268b1a00008f2b29,36,Dumper,10.374678381437253,59.952310227552445,10.38370034418115,59.9469813467411,Stone,30.0
6228589c0133e90000aa45af,19,Dumper,10.419128882490533,59.93976773647063,10.422744072520691,59.93860524322729,Stone,22.0
622858c44c91930000aa8ff6,26,Truck,10.379722681542756,59.94848516169605,10.379921417233575,59.94836905298625,Stone,30.0
622858ea108ff40000e85b3d,13,Truck,10.378725975761542,59.95136101735751,10.321058781039987,59.976619441228486,Stone,30.0
6228594246cfbd0000e53ab1,25,Truck,10.390320249663851,59.946026940630425,10.321964090189075,59.97624669208419,Stone,27.0
622859b73a63410000cb6c25,5,Truck,10.41751153619392,59.94013551900031,10.420468143507646,59.93974970908049,Stone,16.0
622859b8a9a1100000eac10c,40,Truck,10.37877202783642,59.951409539032525,10.32118545401509,59.977384416709725,Stone,28.0
622859c4192bfc0000e3b744,16,Truck,10.377720093058716,59.95153722148177,10.33010421752766,59.9741241493911,Soil,16.0
62285a8b553aa300000309e1,19,Dumper,10.421208315466927,59.93955104318822,10.4258773921999,59.93887184369838,Stone,22.0
62285a9a0f1d960000d886d6,38,Truck,10.378852651586538,59.95109399644667,10.322748609303444,59.97624655196309,Stone,28.0
62285ac7f625c10000a692db,36,Dumper,10.374667855309571,59.95231482250097,10.383705353663233,59.94708097589324,Stone,30.0
62285b094679ed000070c0d5,34,Truck,10.418885266768449,59.93982601880763,10.42027565897441,59.9397845651434,Stone,15.5
62285ba56be3630000a836ee,24,Truck,10.378722938635669,59.95139348939171,10.32109474976076,59.97733523656704,Stone,26.0
62285bb6828424000006480d,52,Truck,10.418118561974577,59.93986154832736,10.420369805686066,59.93977405229043,Stone,16.0
62285ccd2a1ffa00002a62d9,30,Truck,10.378842987253789,59.95133983102323,10.32101591784079,59.977432726109285,Stone,29.0
62285cddf6ce3f0000b3c504,5,Truck,10.41952021362145,59.93968193939881,10.42049811546116,59.9397911003275,Stone,16.0
62285d6cb3d56b00002aa2ba,22,Truck,10.378822216036548,59.95116875766736,10.321469344979556,59.97805498838626,Stone,28.0
62285d80be8d8c000055de6c,34,Truck,10.41891585939922,59.9398185433499,10.420172001736884,59.93979387123801,Stone,15.5
62285d99b9afcf0000dbda9f,15,Truck,10.390798470031289,59.946026519064304,10.322749695199883,59.97625270423222,Stone,28.0
62285e2899bbe1000008dc8b,37,Dumper,10.396950785791915,59.94568350127633,10.40199445904952,59.94120363686469,Stone,40.0
62285e4cae6a810000b49807,36,Dumper,10.374733515539829,59.952300346411285,10.383718846830938,59.94708936500572,Stone,30.0
62285ebdaeca820000e539e2,44,Truck,10.3787728082542,59.95138470030555,10.322654049138102,59.97624634477164,Stone,28.0
62285f0cb95f1a000091188d,16,Truck,10.377723651669248,59.95176560653883,10.33045344238555,59.97413442294487,Soil,18.0
62285f3f642e6700005f1724,52,Truck,10.418940120626129,59.93981584561164,10.420456688582288,59.93978568543305,Stone,16.0
62285f6fe664fe0000daaab5,19,Dumper,10.41948749779918,59.93969498885614,10.422228144007102,59.93850064429714,Stone,22.0
62285f917cee010000b7e1c5,25,Truck,10.390768673615325,59.94606984495954,10.322521618096944,59.976311589875706,Stone,27.0
622860315cf8a4000099a43b,26,Truck,10.380034899579266,59.94834816836159,10.421367863842018,59.93958261255944,Stone,30.0
622860356cc9780000653152,11,Truck,10.37885424871396,59.95138420251253,10.320801286733444,59.97798370843456,Stone,27.0
622860579c5f3a00007a1fe4,36,Dumper,10.37465303746691,59.95230417431416,10.383733752506291,59.94708252594841,Stone,30.0
62286098e7fa6c000018d528,38,Truck,10.390816197478363,59.94605097754654,10.32271139347213,59.97626104617303,Stone,28.0
622861aea81a170000d141ee,24,Truck,10.39081284513684,59.9460699834287,10.322021612762372,59.97626541098361,Stone,26.0
622861cfb86e0a0000610dc1,40,Truck,10.378784728163092,59.95137927671701,10.321061770177147,59.977480009367945,Stone,28.0
6228620c86f2e70000f6f28b,37,Dumper,10.396950641221292,59.945673385820186,10.402039006534311,59.94115116428958,Stone,40.0
62286259c1e8fe0000fe7c7f,36,Dumper,10.374669072469136,59.95230065839599,10.383674830822144,59.94699660302645,Stone,30.0
622862c564a6330000582a95,30,Truck,10.379118502447062,59.95100154633471,10.321080796081064,59.97736418136612,Stone,29.0
622863557122fc0000582f0b,16,Truck,10.377702262391391,59.951770436055526,10.330050005764829,59.97413085932747,Soil,18.0
62286445a2db5b00004ae810,19,Dumper,10.420826794227809,59.93961582264232,10.422027273858228,59.93851737180484,Stone,22.0
6228645a8e98c50000b97488,36,Dumper,10.374623465277413,59.95230139924519,10.383639847210166,59.94696460220833,Stone,30.0
6228647e8df0980000bb74c9,1,Truck,10.37761318137571,59.95157634051756,10.330552535249907,59.97418355439758,Soil,16.0
6228649a2cbbf1000031d472,44,Truck,10.378780497727751,59.95136647195199,10.322327740535613,59.97629881955537,Stone,28.0
6228664c491445000047585e,25,Truck,10.390782142174936,59.94604354329278,10.322383351307472,59.97627315409455,Stone,27.0
622866bd069e9d0000a1d3e6,22,Truck,10.378982195286174,59.95108719821423,10.321479197787356,59.978059412049575,Stone,28.0
62286755ecc6e100005d12e5,16,Truck,10.37770457028808,59.95161482768732,10.33020653525508,59.97423268929227,Soil,18.0
622867571ccc0d0000da2527,38,Truck,10.39080389130129,59.9460357304962,10.32266469322159,59.976338475644944,Stone,28.0
622867b558b44f000021cafc,40,Truck,10.37879843461517,59.951389884757226,10.321269292732437,59.977689549238285,Stone,28.0
62286856d0f05300000c763f,1,Truck,10.377765300745926,59.95156358034084,10.3302220003457,59.9740489746734,Soil,16.0
622868a60838c40000ae9339,34,Truck,10.37898588100321,59.95122748625396,10.32104335692318,59.97766453367534,Stone,15.5
6228691f1e438c00006f4781,30,Truck,10.378892721751384,59.95133751340367,10.321077840936592,59.97733269380494,Stone,29.0
6228696cbf2c8a000063f1af,24,Truck,10.390817451326162,59.94606626987181,10.322619562884878,59.9763563816309,Stone,26.0
6228698bdaef5c000012bdfd,52,Truck,10.377690328810942,59.95176878194072,10.33025602074607,59.97410022726336,Soil,16.0
62286a127956eb000014ed18,11,Truck,10.378877688416424,59.95128551880651,10.35831664182184,59.96158962749004,Stone,27.0
62286a6d96840e00007f93ff,15,Truck,10.390821953370184,59.946015600906186,10.321114184481353,59.97732063680397,Stone,28.0
62286ad09547b4000014d9cb,13,Truck,10.464157890560378,59.924612541708726,10.374079803014522,59.95261352514844,Stone,30.0
62286b64d793130000133f7d,16,Truck,10.377706405376768,59.95189614634107,10.330420921499488,59.97423063738134,Soil,18.0
62286b770dea5f000085a9ef,20,Truck,10.39079611090863,59.94605862961697,10.322892462442466,59.97687602648882,Stone,16.0
62286b9b6d13220000222088,44,Truck,10.378789697983477,59.95133694937012,10.377563474105653,59.95161183171677,Stone,28.0
62286c030c5d010000f2d070,1,Truck,10.377667763825638,59.95165663483318,10.33055490047483,59.9742064724455,Soil,16.0
62286c8d72d48100005c2bd4,22,Truck,10.37897031018941,59.95103286558558,10.321463954422669,59.97808489094639,Stone,28.0
62286d7804599e000026351e,40,Truck,10.378844670461111,59.95140488069124,10.321168541349753,59.97765650051502,Stone,28.0
62286dbfc739d80000e8c323,52,Truck,10.377718622618696,59.95180958370779,10.330242507598385,59.97414404757091,Soil,16.0
62286dde91c74e0000d532be,38,Truck,10.390795860374975,59.94604924901664,10.322670259485358,59.97634499204942,Stone,28.0
62286e838f5ba50000acdbf2,30,Truck,10.378821585636588,59.951349151929,10.320092581603094,59.97794914231277,Stone,29.0
62286f4251c8470000284ce6,13,Truck,10.37882211619092,59.951321035679385,10.321098379800397,59.97812942141665,Stone,30.0
62286f56bccddc0000363de4,19,Dumper,10.417610861626295,59.940096082352845,10.420549176562318,59.93978963846783,Stone,22.0
62286f5b80f05a000051cf46,16,Truck,10.377709560532647,59.951610409619214,10.330079434573276,59.9741070471673,Soil,18.0
62286f77d4432c000010d90e,25,Truck,10.390768385602144,59.94605419890054,10.322646363776736,59.97637067330554,Stone,27.0
622870150278a80000c57721,34,Truck,10.378898434506928,59.95127691036897,10.32103580715833,59.97727687534015,Stone,15.5
62287084f7f0b30000d39b1a,19,Dumper,10.417845928925768,59.94007801000013,10.42282077130061,59.93860627186663,Stone,22.0
6228709da08cce0000293c0e,24,Truck,10.390821919301986,59.94606902932008,10.321163516536403,59.977308518627794,Stone,26.0
622871876a0e5900000b55df,15,Truck,10.39079914514414,59.94604047808731,10.322745238717255,59.97634076605912,Stone,28.0
622871b633302e0000aab339,1,Truck,10.37979405389736,59.94836397412775,10.379924224096964,59.94827376672036,Equipment,16.0
622871df513a7d0000cab198,22,Truck,10.378860078422091,59.95134875049008,10.320929324531704,59.9780710966498,Stone,28.0
62287307ecd58d0000e8177c,11,Truck,10.378988728338538,59.95127031797674,10.322546376159536,59.97631717984032,Stone,27.0
622873ac6dc302000018e918,40,Truck,10.378827671405617,59.95135525798249,10.32107005791748,59.97748465933029,Stone,28.0
6228742b6e1eec0000d4ff25,38,Truck,10.390814198670649,59.94606354358769,10.322760159662865,59.97638588564262,Stone,28.0
6228747727700900007b46fd,30,Truck,10.379016315177466,59.95104726857238,10.327442450544332,59.97638608965825,Stone,29.0
6228747c2f903a0000cf4cf5,19,Dumper,10.421144269570762,59.939441292288826,10.42583133161972,59.93888105747721,Stone,22.0
6228752bb824a10000d36c23,16,Truck,10.37914931609368,59.95112222883452,10.322729106404031,59.9764018664888,Stone,18.0
6228753ce0b6bf0000d994f3,1,Truck,10.379772757281405,59.94835508298398,10.421344088893033,59.93948182467882,Equipment,16.0
622875cad595ec0000ea7e51,44,Truck,10.378797044715816,59.95128243122901,10.322745889995293,59.97636632919669,Stone,28.0
6228769c66a0a60000e46b23,13,Truck,10.378854721794257,59.95134316390376,10.321639850745276,59.977173842545575,Stone,30.0
622877122564e200001e3506,20,Truck,10.39083878545728,59.94605536288301,10.322853846292425,59.97731263380808,Stone,16.0
622877e6d6f4b60000bf6bb7,24,Truck,10.390870330940752,59.94605333945668,10.321074009017254,59.97730337010901,Stone,26.0
622877ecb62e5d0000f962e9,22,Truck,10.378884980698972,59.95131963867896,10.32099201868215,59.97797696296275,Stone,28.0
622878edd8098a0000898954,15,Truck,10.390811654557904,59.94605074924026,10.32274687619987,59.97638711152904,Stone,28.0
6228799f818f110000be05e8,52,Truck,10.39079411794437,59.94605627965992,10.322417768684934,59.9763037442576,Stone,28.0
62287a74e566900000cea249,30,Truck,10.37917103772704,59.95096019759001,10.321129927366306,59.97730765296615,Stone,29.0
62287ae78e95440000ff8b81,40,Truck,10.377641336803336,59.951733688344994,10.32116563002706,59.97730821360416,Stone,28.0
6228810a6a10e00000e953b8,34,Truck,10.418970414341988,59.93991042585217,10.418264767001794,59.940137048938574,Stone,15.5
6228818f4176330000026225,41,Dumper,10.419049147251725,59.93988450978355,10.42047487145956,59.93978618464806,Stone,30.0
6228821bcd792a0000fa473f,5,Truck,10.418920581056934,59.93991761172899,10.420504935907596,59.93978403769695,Stone,16.0
6228830cfe7728000023ef9a,19,Dumper,10.419316769538703,59.9397630877925,10.42050069053668,59.93978869234151,Stone,22.0
622883a5ff43a10000fc169e,34,Truck,10.41896289286563,59.93991385885112,10.41746513864513,59.940268104949126,Stone,15.5
62288438b5b6810000e7127d,41,Dumper,10.419043247852873,59.93988733200791,10.420479060449065,59.93979283298107,Stone,30.0
622884a8a1ba9c000030e85b,5,Truck,10.419313826561112,59.93976426159787,10.420509964211282,59.93974250335731,Stone,16.0
622885534780140000297a38,19,Dumper,10.41932242176567,59.93976083322479,10.420536838028015,59.93977100380786,Stone,22.0
6228855b4210930000f5956f,20,Truck,10.390766884472448,59.94607093806064,10.322995083384582,59.976932596372194,Stone,16.0
622885eb32c2b10000a45ea7,34,Truck,10.418962988265893,59.939913743088574,10.420240872371997,59.93977000316384,Stone,15.5
622886341e12070000be71f4,16,Truck,10.378865451912768,59.95105469720082,10.322524788199276,59.97627645319647,Stone,18.0
6228864d7c10cf0000f8e59b,25,Truck,10.38995076125853,59.94600962821342,10.321137473909474,59.9765321520814,Stone,24.0
622886848bc77500009f2c09,41,Dumper,10.418926469028332,59.93993606981861,10.420522294093791,59.939759565942445,Stone,30.0
62288709e664c90000e13d7c,13,Truck,10.378802418718466,59.95133239315818,10.337974780907452,59.971976188519214,Stone,30.0
6228870b2abd1e00006df52f,5,Truck,10.419028558178882,59.93987669469036,10.420535413405812,59.939752728815485,Stone,16.0
622887292453c300000dad34,38,Truck,10.390813880173294,59.946059648143006,10.322838979554732,59.976845886322685,Stone,28.0
622887795b4baf000004327b,19,Dumper,10.419318997639529,59.93976219901656,10.420226579150738,59.93983059259304,Stone,22.0
6228881386fe0b00009de957,30,Truck,10.379125304233938,59.951036060748166,10.321165620303374,59.97725385360739,Stone,29.0
6228881850e7830000720482,15,Truck,10.390828286933951,59.94603948583809,10.32284113183058,59.976367621500586,Stone,28.0
622888354fe0f20000b4cca9,34,Truck,10.418926360582496,59.93993047756305,10.420430189958331,59.939743829000335,Stone,15.5
62288873cc4f1800000883b6,22,Truck,10.378238322550686,59.95072472932411,10.3209840173765,59.9780732757851,Stone,28.0
622888965b55a5000086a3c8,41,Dumper,10.41903126229477,59.93989292968538,10.420537923812253,59.93976888042515,Stone,30.0
62288910d109410000edaa85,1,Truck,10.390781324679926,59.94608533649549,10.32235982456723,59.976389743256135,Stone,16.0
62288918dee54c00008aae61,5,Truck,10.419317760149845,59.939762692740665,10.42052478310198,59.939704809157845,Stone,16.0
6228898ea5f2ac000053635d,19,Dumper,10.419320978847503,59.93976140876624,10.42050224443972,59.939739038201736,Stone,22.0
62288a27d1ea1e00000e8795,11,Truck,10.333079959751034,59.97316108258708,10.378720157800643,59.95123735270999,Stone,27.0
62288a48eab30400008575e6,34,Truck,10.418940399758718,59.93992474927481,10.421507692274725,59.93944098031127,Stone,15.5
62288b03f9f7200000287b69,41,Dumper,10.418991287474286,59.93991034654888,10.420569915335149,59.93978946891048,Stone,30.0
62288b4dd89e0200002e1d79,40,Truck,10.379066260947242,59.95108298727156,10.321096979134287,59.97724438999839,Stone,28.0
62288ba429551600003e1bdf,5,Truck,10.419321798594948,59.93976108179114,10.420579255791594,59.93976685106728,Stone,16.0
62288bbd1260d40000a4ea82,44,Truck,10.37827431634918,59.95074196953119,10.322785880821836,59.97635883603071,Stone,28.0
62288c81acc137000091073e,52,Truck,10.390798292282998,59.94605565625582,10.32265488060105,59.97637003669222,Stone,28.0
62288c8b84cc670000192e87,41,Dumper,10.419033172489137,59.93989195940365,10.420568181412689,59.93978125310006,Stone,30.0
62288cc89e7b170000952f03,16,Truck,10.378792243720188,59.95119544323658,10.323101616735016,59.97698424841637,Stone,18.0
62288d45f4c1d3000056eb8b,5,Truck,10.419318028523808,59.93976258557196,10.420597299160784,59.939774878534735,Stone,16.0
62288d47232d0600009e28e1,13,Truck,10.378092965658652,59.9507135404057,10.321131991232113,59.97723825747145,Stone,30.0
62288d6345105900003b4b9c,30,Truck,10.379122688843069,59.95097067413436,10.320989847958584,59.97740117367362,Stone,29.0
62288d9759a26a00009cfc3d,25,Truck,10.39081073383141,59.94604592072476,10.322366874974236,59.97629240351393,Stone,24.0
62288e44b413b7000022d749,34,Truck,10.418885883878549,59.9399458875539,10.375231201995993,59.9518889972633,Stone,16.0
62288e4c011fd80000df1d7a,34,Truck,10.418885883878549,59.9399458875539,10.41745470799983,59.94027337766778,Stone,16.0
62288e4f5d271700005a46b1,34,Truck,10.418885883878549,59.9399458875539,10.42025468245938,59.939804603985486,Stone,16.0
62288e736c136e000071a6ac,41,Dumper,10.41778362964826,59.94023874696565,10.420559415461964,59.93979981251821,Stone,30.0
62288ebbb5877f0000108df8,22,Truck,10.378946530215025,59.951234853059226,10.320874271316208,59.97791813050236,Stone,28.0
62288ed8255d0d0000eb965a,38,Truck,10.37829667017102,59.95072995907942,10.323362216531498,59.97698280255448,Stone,28.0
62288f523ba4210000ee61b1,5,Truck,10.41932561570592,59.93975955924872,10.420553547765426,59.93974679701118,Stone,16.0
62288fcdc565180000c4c86f,24,Truck,10.378777170278983,59.95102763210052,10.32285418906846,59.976384949175824,Stone,26.0
62288ff4ae35bb0000a168ce,34,Truck,10.41748251681317,59.94029728724678,10.420600848173196,59.93976566971405,Stone,16.0
622890a1afd7c500006c1db8,41,Dumper,10.4189474570046,59.93992841259711,10.420609475630997,59.93976758188629,Stone,30.0
622890e4c911cf0000ac6e8b,40,Truck,10.37825862278384,59.95074879701264,10.321100487668398,59.9773031596897,Stone,28.0
6228915060fb9c00006247a1,5,Truck,10.419317675804358,59.93976272626086,10.420633235349763,59.93978334082678,Stone,16.0
6228916f1533ad0000f75a47,44,Truck,10.378767521873456,59.95125256616736,10.32176412662251,59.97717197124352,Stone,28.0
6228922d21dcdb0000eaec00,34,Truck,10.41745470799983,59.94027337766778,10.420311504077064,59.939797990794936,Stone,16.0
62289273a7d37b0000baf50f,41,Dumper,10.417809885189602,59.94022773603864,10.420518992488002,59.9397276336867,Stone,30.0
62289306dfad130000bd3000,16,Truck,10.41876424471016,59.94007472572317,10.420478546469395,59.93971576371432,Stone,18.0
62289388f794fe00005a1080,5,Truck,10.41932850881004,59.93975844819631,10.420519780141191,59.93971162110431,Stone,16.0
622893eb732d4d0000fad792,34,Truck,10.417481177785108,59.94031945417424,10.420481381089091,59.93971916268016,Stone,16.0
622894919914140000300cd3,41,Dumper,10.419056286506509,59.939882987923625,10.42046666552758,59.93972619765773,Stone,30.0
62289573142f920000b0fb99,16,Truck,10.41742161627104,59.94021648447908,10.42050548139522,59.93971040388899,Stone,18.0
622895bf007fe30000af6244,5,Truck,10.419316792938474,59.93976307814051,10.420554019397631,59.93974226837681,Stone,16.0
6228968431c8630000a93568,34,Truck,10.419434638559435,59.9397768585218,10.420262668453883,59.93975687213721,Stone,16.0
622896ec0258e30000e89805,41,Dumper,10.419026646188826,59.93989480339543,10.420596216637827,59.93974637021007,Stone,30.0
622897a49a75410000d17045,16,Truck,10.418954966187362,59.939911139012686,10.420509794107032,59.93970684066952,Stone,18.0
62289850e07fdf0000bca525,5,Truck,10.419171263780632,59.939820510071954,10.42058778589258,59.93970326576081,Stone,16.0
622898e763e82200005447f1,34,Truck,10.41754113462712,59.94028464826747,10.420201365675467,59.939785286415,Stone,16.0
62289978705638000060ec23,41,Dumper,10.419033489425235,59.93989186918942,10.4204762371248,59.9397416641697,Stone,30.0
622899f8d53ec00000ef7b3a,16,Truck,10.418923725729332,59.93992483417853,10.42057684068008,59.93969580848085,Stone,18.0
62289ace6f0a750000812c82,5,Truck,10.419174863636991,59.93981906838232,10.420574062447006,59.9397295648626,Stone,16.0
62289b8188a994000057e77d,34,Truck,10.417581253955236,59.94024446844343,10.420558063916095,59.9397335963341,Stone,16.0
62289b917e97c00000eb9577,52,Truck,10.529246370376589,59.94128217597487,10.326582147579783,59.97599136167104,Stone,28.0
62289c47697b3600007033c4,41,Dumper,10.418946600111376,59.939928361710905,10.42062759591318,59.93976811532739,Stone,30.0
62289cb69abb5300005b19b7,16,Truck,10.418892147005955,59.93993421294752,10.420586392386053,59.93973610781679,Stone,18.0
62289d216bb18e0000faa182,5,Truck,10.41906633094414,59.93985982638217,10.420641674209264,59.93977622866762,Stone,16.0
62289de266565b000074efcb,34,Truck,10.417584276336664,59.94031559592534,10.4202857443818,59.93978297051328,Stone,16.0
62289eceac52f800007ed603,41,Dumper,10.41903906262369,59.93988942734666,10.420647562706122,59.93979330698703,Stone,30.0
62289fb5e00fdd00003b9033,16,Truck,10.418929925595044,59.93992059101623,10.420600789727924,59.93977429825606,Stone,18.0
6228a067aa59be0000f53880,40,Truck,10.529516693389589,59.94133622162608,10.375643419295065,59.95039309246302,Stone,28.0
6228a16241a4ce00007c3f1a,34,Truck,10.417528251955003,59.94026742514529,10.420488290117556,59.93974792470724,Stone,16.0
6228a24a92c33b000050877c,41,Dumper,10.419006317061145,59.93990445397816,10.420634356726104,59.93979840648937,Stone,30.0
6228a319d80bf0000056d20e,16,Truck,10.418951502449271,59.93991247971207,10.420594180319544,59.93973944506382,Stone,18.0
6228a3a23b9e750000591a97,5,Truck,10.41931924180675,59.9397621015136,10.420682775494525,59.93978871323143,Stone,16.0
6228a43e0edf2f000029db42,34,Truck,10.417492031369331,59.94030151458387,10.42063718326046,59.93976943935402,Stone,16.0
6228a4e75ff60b0000ef8c10,41,Dumper,10.419032496576994,59.93989226083591,10.374050473184804,59.95243001424907,Stone,30.0
6228a5e0704ea0000091be9c,16,Truck,10.418941466126652,59.93991587742595,10.420596233377909,59.93975757178358,Stone,18.0
6228a5ebc12dc10000f7d7fe,44,Truck,10.377889772723575,59.95080892204653,10.377498972972491,59.951405349332816,Stone,28.0
6228a5f8ca360c00002fabc2,11,Truck,10.344970765178472,59.963681707222925,10.322183921109271,59.97621580901038,Stone,28.0
6228a6350993ec000033b554,37,Dumper,10.396925758375762,59.94567483395996,10.402121175138888,59.94117694048259,Stone,25.0
6228a6fda9281c000013c767,5,Truck,10.418994784467618,59.93988999149325,10.420631187173544,59.93976022992213,Stone,16.0
6228a730df0198000039b3f9,22,Truck,10.378208900244992,59.950751514193314,10.322816456877485,59.976387700746045,Stone,30.0
6228a794c8a88e00006c3b99,27,Dumper,10.419320458438,59.93976161634352,10.420656130199609,59.939797243063325,Stone,40.0
6228a7d0424e1e00003d65a6,25,Truck,10.390537905675371,59.94603868967804,10.322637179593384,59.97637799724234,Stone,24.0
6228a83ed3a3350000d85fa4,34,Truck,10.41857187351112,59.94003039581368,10.420479227423185,59.93972448513433,Stone,16.0
6228a8e7e9148a00007c277a,16,Truck,10.418962626218253,59.93990773822132,10.420584817461318,59.939701466155256,Stone,18.0
6228a93784257e0000fd6e6f,52,Truck,10.390744627919087,59.94606490912459,10.322490118190514,59.97632557639457,Stone,28.0
6228a93ec533d60001ce64fe,38,Truck,10.378305000550323,59.95075224142208,10.3228596305476,59.97640775651728,Stone,28.0
6228a9aba926050000bc93df,5,Truck,10.419314049466744,59.93976415058408,10.42060663037001,59.93970255410365,Stone,16.0
6228aa03fc9576000021c2f1,40,Truck,10.378275227995244,59.950733311910994,10.321171241468276,59.97728879317297,Stone,28.0
6228aa3fb67b780000253e15,24,Truck,10.390822231291086,59.94607971650554,10.320674042338773,59.9776332494906,Stone,28.0
6228aa67adc8f60000385bca,2,Truck,10.419031709198366,59.93989260529385,10.420605190838325,59.9397002870812,Stone,30.0
6228aabb6c786900001af4b1,27,Dumper,10.419331759872335,59.939757108506754,10.420645141810017,59.93979075664053,Stone,40.0
6228ab6064ece5000046c095,34,Truck,10.41899890121855,59.93989806424206,10.420496642840842,59.93972846066621,Stone,16.0
6228ab755443f300002112bd,15,Truck,10.39083638636683,59.94603923698479,10.32282640966628,59.97639414567119,Stone,28.1
6228abc56fe80a0000023f3b,30,Truck,10.378268016681846,59.95074575605732,10.321061955269965,59.97725080302887,Stone,29.0
6228aca4b4ce2e00007bec0b,1,Truck,10.390762402967672,59.94609580906319,10.321845609353131,59.97769978075932,Stone,28.0
6228acf1b953830000cea505,13,Truck,10.374797293926006,59.95228579273443,10.32289663330682,59.97637810656799,Stone,28.0
6228ad2bbb8d850000660680,11,Truck,10.37809453990576,59.950857111670864,10.322844717695975,59.97638164653176,Stone,28.0
6228ad382cda690000680ad2,26,Truck,10.379794796226095,59.94851846842115,10.328970288688094,59.97524547278708,Equipment,27.0
6228adff091aeb0000097aec,27,Dumper,10.419324042376072,59.93976018680748,10.420652452346632,59.93971890009744,Stone,40.0
6228ae042d49d60000e36589,20,Truck,10.390822407616986,59.94609046002469,10.322967713775006,59.97696903775007,Stone,28.0
6228ae6e656ec30000aa5454,44,Truck,10.378043737703823,59.95083171838631,10.321185528602252,59.97725113580557,Stone,28.0
6228aedf15ba840000e124f8,34,Truck,10.417593778400198,59.940253891240616,10.420594005669145,59.93967231921836,Stone,16.0
6228af5fb734a80000eecd14,25,Truck,10.39069237659145,59.94604971042468,10.32188376009977,59.97624427220174,Stone,26.0
6228af674ccc2c00004f66b9,22,Truck,10.37826494215642,59.95073067730938,10.322349414964298,59.9762074627807,Stone,30.0
6228afb09c98a10000b2d011,5,Truck,10.419329490996825,59.93975801349989,10.42063272398241,59.93970776779046,Stone,18.0
6228b07396ba4d0000e82c39,16,Truck,10.4189074215315,59.93993030956779,10.420610343976168,59.93970458045232,Stone,18.0
6228b09266488b000036bf61,4,Truck,10.374732920909649,59.95224107528101,10.32274860889681,59.976360504571325,Stone,12.0
6228b0a15d35a80000850c67,24,Truck,10.390846215130898,59.946048056630175,10.321060275172153,59.97721570117815,Stone,28.0
6228b0ca24e5770000012de9,8,Truck,10.375481911860094,59.95171116968992,10.320935987717691,59.97691247371457,Stone,28.0
6228b14d4df39900008c1157,2,Truck,10.419008428424236,59.939904397745934,10.420627671469877,59.93973219137694,Stone,30.0
6228b1c03bfb6500001db541,52,Truck,10.390777542613671,59.94604091955722,10.32265162844982,59.97634598684747,Stone,28.0
6228b220fd19b700002a0c89,26,Truck,10.379659518078808,59.9484934174872,10.328867579997604,59.97528246346449,Equipment,27.0
6228b22c01a53f0000dbebc8,27,Dumper,10.41932337009232,59.939760454963306,10.420661287053074,59.93975893202428,Stone,40.0
6228b2cbbb88150000f1180b,37,Dumper,10.402027797478803,59.94120680820822,10.401027111059577,59.94337520145788,Soil,25.0
6228b2d1cde596000061af1b,34,Truck,10.417591574717422,59.94026718610038,10.42033021585772,59.93975679825795,Stone,16.0
6228b31768ecba00005796d6,15,Truck,10.390794694569744,59.94602946468236,10.320999748305404,59.97725111045349,Stone,28.1
6228b3e1ddffc1000075583b,1,Truck,10.390747664920134,59.94608944642105,10.322284637904223,59.97759966680128,Stone,28.0
6228b4046e42db000047369d,5,Truck,10.41904516384534,59.939869046320446,10.420636713475169,59.93977638963953,Stone,18.0
6228b52c0e88ed0000b3d0cb,11,Truck,10.374743476691428,59.952290846436206,10.322935732050968,59.97638868346428,Stone,28.0
6228b52e8cc1550000a3e922,20,Truck,10.39077633352754,59.94608505491398,10.32275086558117,59.97711735280335,Stone,28.0
6228b56b59fffc0000799a48,37,Dumper,10.402010280625838,59.94118006958189,10.401174309682236,59.94169651605412,Soil,25.0
6228b5c5fcbd730000f5313b,13,Truck,10.374608701104648,59.95228030258785,10.32294994221099,59.97634386649353,Stone,28.0
6228b66dbf721c00009391d5,30,Truck,10.378856312563707,59.951540814846354,10.321009804582822,59.977273149762176,Stone,29.0
6228b6c9e5c9ba0000707e1d,24,Truck,10.390828696306023,59.94606508762013,10.32295138405566,59.97640489160506,Stone,28.0
6228b70cdc00a20000cc36c7,16,Truck,10.374704690917174,59.95229402874559,10.322727771232609,59.97693409873821,Stone,18.0
6228b77f9c45fc0000c55f8e,44,Truck,10.378864236778982,59.95138058454529,10.321109442247652,59.9772444761321,Stone,28.0
6228b7d33b7ead000027d180,25,Truck,10.390724396101607,59.94603523339572,10.322417787645197,59.97634502676616,Stone,26.0
6228b88912378100002a5846,26,Truck,10.390768084472974,59.94604517252545,10.322241847429575,59.97625570498244,Stone,27.0
6228b8e3ed40ce0000bc339e,2,Truck,10.382016882205304,59.94751530177486,10.375587221832616,59.951315506916586,Equipment,30.0
6228b9338bcdd50000a092f6,4,Truck,10.374717079112656,59.95229593483727,10.321232238794044,59.9765377818234,Stone,26.0
6228b96141de6f00012d5f7e,38,Truck,10.378974597770702,59.95155115261367,10.321489614289352,59.97796494327404,Stone,28.0
6228ba66945e2e0000378e63,15,Truck,10.390798283993869,59.9460450027699,10.320970811962074,59.97725123277977,Stone,28.1
6228bb4040322c0000dd0eed,37,Dumper,10.396986001050555,59.94565123263256,10.401842643399824,59.94117980226997,Stone,25.0
6228bb6024fdd6000012c4de,1,Truck,10.390835547407264,59.9460789580026,10.32284808359446,59.97731316587409,Stone,28.0
6228bbeb593715000005d5f4,13,Truck,10.374708781028517,59.952278458569154,10.322924712682443,59.976376178730256,Stone,28.0
6228bc444336cc0000943ca2,52,Truck,10.390791051228128,59.94606114438622,10.322892379446047,59.97637182060269,Stone,28.0
6228bccebeeddd000059031f,30,Truck,10.378781615617582,59.95149370155322,10.321073616489551,59.97751084960506,Stone,29.0
6228bd41672f4a0000778b05,11,Truck,10.374742199220828,59.95230380016589,10.322910562992924,59.9763493087904,Stone,28.0
6228bd92d7bc4a000066917e,20,Truck,10.39008378954959,59.94603897575119,10.322682505387366,59.97715013525571,Stone,28.0
6228bdcbef6d9800004532da,44,Truck,10.3788928749837,59.95118527277809,10.321177727114796,59.97724682584802,Stone,28.0
6228bebfd24dec000068b612,24,Truck,10.390895901911003,59.94606686629072,10.322938031132438,59.9763841340716,Stone,28.0
6228bf5248438f000010817e,5,Truck,10.374722283333467,59.95231525490899,10.323073938307967,59.97688891048791,Stone,28.0
6228bfbcf455c80001ee48f5,38,Truck,10.378830633507825,59.95148075578883,10.321023818558844,59.97736846967469,Stone,28.0
6228bfcc87a3680000cdbc67,25,Truck,10.390787256517198,59.9460570855966,10.322110735092265,59.97625664693138,Stone,26.0
6228c01c868a920000f8127d,22,Truck,10.378845596028958,59.95150079301797,10.322932523026813,59.976382754631786,Stone,30.0
6228c047c6686900009ab05e,37,Dumper,10.397251988751904,59.94555851109963,10.397263078657602,59.94555425504723,Stone,25.0
6228c0b75ede8c0000fb962a,4,Truck,10.374654131019836,59.95232129009436,10.323175918320494,59.97640266554428,Stone,26.0
6228c0d9d0ee1f0000337158,26,Truck,10.389954150299696,59.945988963220266,10.322633022600565,59.97636474829521,Stone,27.0
6228c18846d40f0000e4094b,37,Dumper,10.397262255842232,59.94555479519267,10.396017376077264,59.94599062177989,Stone,25.0
6228c1e45c562b0000411ed8,15,Truck,10.390801633258562,59.946021645306224,10.321050186495984,59.97722995338736,Stone,28.1
6228c26c3fdc8b000053972c,13,Truck,10.374708361933356,59.952292917352125,10.32295874320932,59.97636578517032,Stone,28.0
6228c38def00090000f17c54,30,Truck,10.37880795843992,59.95142737505844,10.32112853063798,59.97718410534414,Stone,29.0
6228c3f2326ac70000f2bb69,1,Truck,10.39059373849785,59.945994237456006,10.323568388252964,59.97705695908539,Stone,28.0
6228c3fea83c680000e73dfd,37,Dumper,10.396739033011984,59.945774220326015,10.395939954072276,59.946003563055136,Stone,25.0
6228c4802db78b00002d44b1,11,Truck,10.374752046475754,59.95229156917871,10.32293064398155,59.97636022212024,Stone,28.0
6228c49b788d7f00007879b7,52,Truck,10.390799947624624,59.94604717961009,10.322580284615682,59.97637027207891,Stone,28.0
6228c49ee3093f0000082b7f,44,Truck,10.37880475315725,59.95125288833477,10.321121404694232,59.9772228240678,Stone,28.0
6228c63e89344f000126abee,38,Truck,10.378859642702617,59.951376421287534,10.32136229468545,59.97786242748808,Stone,28.0
6228c6589f73d40000368f0c,24,Truck,10.3908359053255,59.94605396995025,10.32295383920939,59.97638425717361,Stone,28.0
6228c68d2ea287000072f5ed,26,Truck,10.379696124716856,59.948462871904006,10.32842150008728,59.97555071272133,Equipment,27.0
6228c6aadf97480000771798,22,Truck,10.37889095077037,59.9513737615932,10.32250022227085,59.976347392168535,Stone,30.0
6228c71bbe914300003362f8,25,Truck,10.390763009395927,59.94605633014106,10.322956701221376,59.97639833365261,Stone,26.0
6228c72c72d9e8000091fa28,5,Truck,10.374795441791276,59.95229520862526,10.323046269133457,59.976896558088704,Stone,28.0
6228c7b841b4ac000036ba8c,40,Truck,10.37884225020875,59.95136872256665,10.321072110597395,59.97719126456947,Stone,28.0
6228c7dc70c87b0000bc43ec,37,Dumper,10.39728092088032,59.945560372472166,10.396014001842763,59.94598177963466,Stone,25.0
6228c897af7acd0000b9940c,15,Truck,10.390797481829852,59.94602115627169,10.321088098351565,59.97719001359989,Stone,28.1
6228c9532aa9a7000070e3ea,4,Truck,10.374609958390122,59.952318398337766,10.320756481970028,59.97721918864173,Stone,26.0
6228c95b8702dd0000ddda3e,27,Dumper,10.422462171392633,59.93853841249372,10.422419306288427,59.93954686260492,Soil,40.0
6228c97e003b6d00003d5d4a,1,Truck,10.3797105360896,59.94846970218977,10.320468991638242,59.97709409020258,Stone,28.0
6228c9da8a06e30000068d04,13,Truck,10.374252554038888,59.9523470225371,10.322956061000305,59.97637953149152,Stone,28.0
6228ca5eda9a450000e2421e,44,Truck,10.378848459549024,59.95136144478583,10.321071518451465,59.97734428755976,Stone,28.0
6228cbb17b858400003a26e2,26,Truck,10.379698418862322,59.94844937808852,10.328920056893358,59.97527087679254,Equipment,27.0
6228cc3e080961000052ffd3,11,Truck,10.374819670547836,59.95230510964113,10.322990500461415,59.976372988075454,Stone,28.0
6228cc55e7237a000131bac8,38,Truck,10.378903227128037,59.95137769050744,10.320995594794216,59.97746569705262,Stone,28.0
6228ccb3b7cd3d00008aead8,24,Truck,10.39087828097775,59.946069343621694,10.321082792285472,59.9771537228241,Stone,28.0
6228ccd5821fad0000928f34,27,Dumper,10.422666677740295,59.93859403988424,10.422431830449934,59.93954261495305,Soil,40.0
6228ccd75a5eaf0000fda18f,30,Truck,10.379027899901,59.95122291890976,10.321097237680528,59.97740745163423,Stone,29.0
6228cd9dd2c67b00004e5e27,22,Truck,10.379079303269563,59.95106324959994,10.323006436148177,59.97636754538112,Stone,30.0
6228cddf474c0300009c8741,52,Truck,10.390828125227738,59.94607943711338,10.323165196379524,59.97638468023372,Stone,28.0
6228ce9e9c1863000010bfd5,40,Truck,10.378883156534076,59.951339110037,10.321078973979144,59.977165200440695,Stone,28.0
6228cf347a41e00000d19887,20,Truck,10.390871253010296,59.94608236072536,10.322867918431667,59.97681717702616,Stone,28.0
6228cfbd4a81270000293d90,5,Truck,10.374784809620625,59.9522909885816,10.322994359789638,59.97637996748186,Stone,28.0
6228cfcc8777510000a263c4,27,Dumper,10.422665131576938,59.93857339408025,10.422483507250128,59.939552645762014,Soil,40.0
6228d007b1d3200000f544f5,26,Truck,10.379730345075188,59.94846586376427,10.328749651590602,59.97534507896513,Equipment,27.0
6228d043b7ae3800003e194c,46,Truck,10.390816432301303,59.94600903411801,10.321027054930063,59.97719030762817,Stone,27.0
6228d12cb862ad000068e3d1,25,Truck,10.39022702474387,59.9460412262621,10.322278472204822,59.976256030846194,Stone,26.0
6228d26e64915500001c8fd5,15,Truck,10.390887416126636,59.94601868488972,10.323019092298814,59.97637520564721,Stone,28.1
6228d28087bdbc0000ca8493,27,Dumper,10.421254046052644,59.93947623004792,10.42150310452502,59.93844317257787,Stone,40.0
6228d300469be10000d9d9a6,30,Truck,10.378147955853407,59.95072167861005,10.32112245895032,59.97728976385253,Stone,29.0
6228d357f434e50000e8d923,4,Truck,10.377617385248074,59.95208018464963,10.320917498329951,59.97678768826646,Stone,26.0
6228d360eeb47000005ebf74,13,Truck,10.374694447974091,59.95226341305296,10.322973327720838,59.97640761086715,Stone,28.0
6228d3711fa5e90000814697,1,Truck,10.389923334059889,59.94594289121471,10.322978015514783,59.976788078931534,Stone,28.0
6228d3b54139d50001ffdaca,38,Truck,10.378949072858491,59.95129279923726,10.323006559094502,59.97688681521917,Stone,28.0
6228d47888323c0000d3dffd,16,Truck,10.374879017346888,59.95225669351505,10.32115762946904,59.977206696271,Stone,16.0
6228d4816e5d110000a5bfdd,22,Truck,10.378329779369423,59.950731457444775,10.322382727786932,59.97623380753766,Stone,30.0
6228d48434d6590000318ac5,27,Dumper,10.42133896317108,59.939529774868674,10.421961792061358,59.93846415431096,Stone,40.0
6228d48ad76c9a0000623363,11,Truck,10.378900266662258,59.95128270751752,10.322953389683873,59.97638790165691,Stone,28.0
6228d4952e2397000059bc01,24,Truck,10.390905485494583,59.94607071319398,10.323024381392058,59.97639785795114,Stone,28.0
6228d4ccdf944c00006e8b03,26,Truck,10.379699100123648,59.94848824924407,10.328509931495176,59.97547236069719,Equipment,27.0
6228d558ca73200000b0cc16,49,Truck,10.37475125964729,59.95222912693979,10.32126711881305,59.97780802616898,Stone,30.0
6228d602a6f2230000a1e00c,20,Truck,10.39062303610556,59.94605643144768,10.32290910438048,59.97696666960971,Stone,28.0
6228d61aca3cff0000d3891b,40,Truck,10.37837968179144,59.950727970441775,10.321122225482007,59.977224745838974,Stone,28.0
6228d702b3e3e50000aaa214,52,Truck,10.390912362300918,59.94607058802205,10.32320511254282,59.9764163875381,Stone,28.0
6228d73cb25697000036c9c1,5,Truck,10.374764810193302,59.9522746388023,10.322162639306566,59.97629170225307,Stone,28.0
6228d7bbf0c1390000d9f7c3,27,Dumper,10.421387844616204,59.93940362173606,10.425820651132502,59.938888195155705,Stone,40.0
6228d7c51b85e30000eaf1f2,44,Truck,10.379160375991493,59.950968804518496,10.32107695740587,59.9773264185975,Stone,28.0
6228d8365921990000de7c35,46,Truck,10.390890808526262,59.94604357448174,10.321121084845464,59.97715430630423,Stone,27.0
6228d8fb899d1c0000687bf7,4,Truck,10.374747924516326,59.95231282437216,10.3209564741797,59.97673085896296,Stone,26.0
6228d91bcc0dc300003b08e1,25,Truck,10.390858787785143,59.94602228875367,10.322195069744293,59.97629399697671,Stone,26.0
6228d92fd605790001dd6274,38,Truck,10.379071773809171,59.951271676140905,10.322919646840054,59.97684870431705,Stone,28.0
6228d9aeefc78c00008a2eda,30,Truck,10.378302718254766,59.95074096932215,10.321139734775496,59.97719721049084,Stone,29.0
6228d9f8a9d6390000140b1a,13,Truck,10.378875676552186,59.951323256883725,10.322961509237366,59.976393068265146,Stone,28.0
6228da5e52a28b0000924928,1,Truck,10.390918821143984,59.94603724653054,10.323524205155309,59.97710555068726,Stone,28.0
6228da6aeed2d500001616d0,27,Dumper,10.421093083967584,59.93950205139372,10.421983907329214,59.93848674336078,Stone,40.0
6228db0ed6a229000092f8c7,16,Truck,10.374849054385994,59.95226868810361,10.321030255570737,59.97715596567063,Stone,16.0
6228db59cfc1da00005c93af,15,Truck,10.3908851463995,59.946042292503655,10.320990451567177,59.977176034497255,Stone,28.1
6228dbccd2c02b00001c7c1f,49,Truck,10.374729108414794,59.95226689807127,10.32115322253906,59.97711117633272,Stone,30.0
6228dc48a1d3560000acd749,26,Truck,10.328372405271647,59.9755448917429,10.379686123478477,59.9484471028152,Equipment,27.0
6228dc5068bdfd00009feca6,24,Truck,10.390890557972526,59.94606863401329,10.323017304799992,59.97639270291011,Stone,28.0
6228dc77c521b00000bd2f57,27,Dumper,10.42103010381966,59.93949810414209,10.421973040295674,59.93848106743086,Stone,40.0
6228dcaed2275b0000390d47,40,Truck,10.3782187612236,59.95075831463735,10.321446105731573,59.97784003755399,Stone,28.0
6228dd05422616000031e408,22,Truck,10.340117662295198,59.970193358470624,10.321222118274008,59.97652429228977,Stone,30.0
6228dd3b1a2935000089655a,44,Truck,10.378821700313058,59.95124608737086,10.32294006711902,59.97641202910846,Stone,28.0
6228dd7fe6484600000d0efb,20,Truck,10.390665136035524,59.94603712777901,10.323119428176462,59.97700172293317,Stone,28.0
6228de4f265ecc00002ebee0,11,Truck,10.379127653035429,59.95105493952627,10.323003765264838,59.97641203782536,Stone,28.0
6228de7f5b37db0000a9c4cc,26,Truck,10.379690249012189,59.94843179458337,10.422117780712334,59.93954901120479,Equipment,27.0
6228df20ec6d530000c6602a,5,Truck,10.37476113333303,59.952268484691245,10.37600059568462,59.95387719271946,Stone,28.0
6228df2d5b007a0000bb4e1b,27,Dumper,10.421096975174637,59.93949586164227,10.421996553434662,59.93848939632751,Stone,40.0
6228dfb5f6dbfb0001eee97f,38,Truck,10.378788516604128,59.9512903015602,10.321102404853974,59.97741169934084,Stone,28.0
6228e05682fff50000948052,46,Truck,10.390877960531563,59.94603032099243,10.321131844758826,59.97729836490207,Stone,27.0
6228e0bd35f9ee0000e2e2f3,30,Truck,10.377941202589636,59.95077968007335,10.32106952987645,59.97714348927403,Stone,29.0
6228e0e5839dd90000a085f9,4,Truck,10.37479989231599,59.95228495454411,10.321090081716257,59.9767018994875,Stone,26.0
6228e16272126d00006fd3c8,25,Truck,10.390856816226188,59.94608258636131,10.322216302056011,59.97628138199165,Stone,26.0
6228e1668ada7a000010ee14,13,Truck,10.37891599350644,59.951296141426965,10.323043232793289,59.976407443229085,Stone,28.0
6228e1ffce4bf2000081a2da,27,Dumper,10.421868175636687,59.939414570008566,10.425872658476653,59.93890152446371,Equipment,40.0
6228e2377a64400000f7b6e1,16,Truck,10.374766079280722,59.95228691049711,10.32275190918588,59.976747408583485,Stone,16.0
6228e24c6653940000e35b44,22,Truck,10.378264475312037,59.95074955489224,10.322804030719585,59.97638290905269,Stone,30.0
6228e26bcc4e1f0000801437,1,Truck,10.390899592551252,59.94608955987128,10.322970763133403,59.97706693705967,Stone,28.0
6228e2c7d31b2b0000f195f2,26,Truck,10.379667105220417,59.94843712891088,10.42144878597348,59.93949674860302,Equipment,27.0
6228e3092ba6a5000015368f,49,Truck,10.374719133701548,59.95226197544319,10.321113626641052,59.97714273163005,Stone,30.0
6228e3602d023a00001eecbe,41,Dumper,10.379751702530966,59.95094067053522,10.379722259614637,59.95083921827151,Soil,30.0
6228e3870c6010000075eb8c,15,Truck,10.390831365541906,59.94602417446062,10.323045500975931,59.97640038849901,Stone,28.1
6228e391afc0f50000283df0,44,Truck,10.378912480676371,59.95128398885702,10.378798930596572,59.9513120327366,Stone,28.0
6228e3cccd53e30000c3379a,40,Truck,10.378095733840834,59.95078376700695,10.32108600762212,59.97712809377423,Stone,28.0
6228e473d77281000006ea5e,24,Truck,10.390883668333498,59.9460607889984,10.321053940354474,59.97713320851995,Stone,28.0
6228e50e7eb64500000886e4,27,Dumper,10.42108125226132,59.93948180503712,10.422067885843203,59.93850678603919,Stone,40.0
6228e57f534bb70001a77d15,38,Truck,10.37880265972317,59.95121910671651,10.32297579364266,59.97721688697993,Stone,28.0
6228e5a089a47000003ff7a0,20,Truck,10.390860904842986,59.94607374503814,10.322744906040572,59.97683228096864,Stone,28.0
6228e5d04ba1e40000fa73ff,11,Truck,10.379042406917977,59.95099264757781,10.322979496808944,59.976386092171865,Stone,28.0
6228e66585b01e0000f85a18,26,Truck,10.379694146128786,59.94843419571957,10.42141825474412,59.93965582950103,Equipment,27.0
6228e6c8e33d4300008ea920,52,Truck,10.390836357132802,59.94604227148878,10.322961595984866,59.97640900130924,Stone,28.0
6228e6def11bef0000589a20,5,Truck,10.374704036274018,59.95225847508648,10.321099345251104,59.976580259944896,Stone,28.0
6228e7685f4d1800005cebdb,30,Truck,10.377917883982246,59.95075032104878,10.321091771341813,59.977149883496885,Stone,29.0
6228e8043af76f0000d2bb33,13,Truck,10.378936277712116,59.95128046726804,10.323048429573255,59.976396421026415,Stone,28.0
6228e82a0bff17000094fde8,46,Truck,10.390809089144351,59.9460436874948,10.32099084699664,59.97712681059836,Stone,27.0
6228e8bfc1fd2200008fdb5e,22,Truck,10.377944593875831,59.95074520599562,10.32297194943284,59.9764695579569,Stone,30.0
6228e8f607c82c000026fd96,44,Truck,10.378875780798936,59.95131348954239,10.321048132428304,59.97711684285787,Stone,28.0
6228e9087f151b00006ca805,1,Truck,10.39084372330528,59.94605835661583,10.322822866636267,59.97676405334673,Stone,28.0
6228e9451d7dc90000c6bb18,4,Truck,10.37458632142318,59.95231454266231,10.321004502484874,59.97658933052791,Stone,26.0
6228ea399771be0000a4011f,25,Truck,10.390856923740865,59.94607602861013,10.323034652659771,59.97640032291661,Stone,26.0
6228ea5562e96500001412fb,26,Truck,10.379730143702533,59.94843211537373,10.328863141235589,59.97532957125943,Equipment,27.0
6228ea5920aaff0000963c30,16,Truck,10.374730284405318,59.95231305757751,10.320534807970873,59.97762995016331,Stone,16.0
6228eb4d97927c00002d5bbf,49,Truck,10.374640180254495,59.95229604311376,10.321157390055868,59.97707406621917,Stone,30.0
6228eb592dc40c0000b29341,40,Truck,10.378297424524906,59.95073589767932,10.321131866542206,59.977096600026016,Stone,28.0
6228eb7ea8cfd80000e5680f,15,Truck,10.390869305216158,59.94605076760043,10.32098749837118,59.97710165522026,Stone,28.1
6228ebcc5b476100019a6d8c,38,Truck,10.378846980736656,59.95128296942153,10.322970604903206,59.97720901736992,Stone,28.0
6228ecc78233600000dbad92,24,Truck,10.390887285292552,59.94606637941401,10.321077261230542,59.97725081714693,Stone,28.0
6228ed048236be00008029d7,11,Truck,10.379020188801874,59.95095914269296,10.322954191508623,59.97639132362372,Stone,28.0
6228ede79ea4be00001935ca,20,Truck,10.390897165292005,59.94606662400032,10.323080191853869,59.97712448800349,Stone,28.0
6228edf80a99ef0000b7cd3b,30,Truck,10.378118893021806,59.95076398315839,10.321145980596024,59.977120466430215,Stone,29.0
6228ee16b9324a0000b21ad7,41,Dumper,10.37956735688279,59.95119150037544,10.379692388008882,59.95088015094292,Soil,30.0
6228ee9c0d65fe0000c72e41,5,Truck,10.374755134976873,59.95228262386624,10.321194649117285,59.97670014202661,Stone,28.0
6228eef7f5ea610000c64e7a,26,Truck,10.379681659968192,59.94846788651421,10.328480307724291,59.97555732899207,Equipment,27.0
6228ef1876dd5e000070d82b,52,Truck,10.39042753212987,59.94600881978204,10.322185886825304,59.97624563739508,Stone,28.0
6228ef1fff0ba00000e7c16b,22,Truck,10.378053968127997,59.95067259466747,10.323034026372532,59.9763703224977,Stone,30.0
6228ef573ff0d800009c1821,44,Truck,10.3789133733306,59.95126326230004,10.321667953481118,59.97719283035697,Stone,28.0
6228f03b432cff00005ed058,16,Truck,10.374647613188603,59.952276782023176,10.32097779648431,59.97718595805608,Stone,16.0
6228f06a7db0c600001537aa,13,Truck,10.378951281318791,59.9512581714056,10.323156891400297,59.9763823813386,Stone,28.0
6228f06a433ccf0000436cfc,46,Truck,10.390878195083411,59.94604109931778,10.32105063631164,59.97708046702846,Stone,27.0
6228f1136edf930000e97aae,4,Truck,10.37459420041216,59.952330552097365,10.322115523750265,59.97621126478536,Stone,26.0
6228f13b0c3b28000042a9a9,40,Truck,10.378327551831818,59.95070843595797,10.320958204842984,59.97787543701391,Stone,28.0
6228f146e193a80000c02e3f,25,Truck,10.39085416183153,59.94610141218034,10.321113059809091,59.97661318217493,Stone,26.0
6228f1d9ead31000018f87c6,38,Truck,10.378900145784565,59.95125554473867,10.321604998153212,59.97792332557105,Stone,28.0
6228f252494daf0000b4a27a,15,Truck,10.390863526779816,59.94603863035009,10.321013074441264,59.97707463636533,Stone,28.1
6228f2715366e90000ce8490,49,Truck,10.374680974385743,59.95223980519345,10.321206586774224,59.97701183502755,Stone,30.0
6228f37fb9475d00004a2037,24,Truck,10.3909078281764,59.9460784739612,10.322772125201649,59.97674965097709,Stone,28.0
6228f3babb8d6f00005f470e,26,Truck,10.379678747042934,59.94847387956992,10.327353254263407,59.97591255677555,Equipment,27.0
6228f435e4959000000e68f0,30,Truck,10.378275316252363,59.95071895846051,10.32110397633996,59.97710087412772,Stone,29.0
6228f48ac2751d0000cf26ad,16,Truck,10.374773107475852,59.95227695135465,10.320860455116396,59.97809520973447,Stone,16.0
6228f4aa548dab000044eb69,20,Truck,10.39083621160332,59.94608127292525,10.322780876657005,59.97675178291112,Stone,28.0
6228f4d312836b0000d32600,11,Truck,10.378861992613288,59.9512065488591,10.322833015678334,59.976369323519926,Stone,28.0
622904630b29ed000006db2b,24,Truck,10.375020459462808,59.95219058281654,10.374750378337064,59.95202319772204,Stone,28.0
62290587f4b3090000fd3423,15,Truck,10.375052315711953,59.952188657871744,10.374852012778543,59.95202062316844,Stone,28.1
622906dffbf80900008e1367,24,Truck,10.375015278789997,59.95219083294227,10.374708987555714,59.95202009220656,Stone,28.0
6229076300125b0000578d80,15,Truck,10.374954228142787,59.95219458808012,10.374820902574289,59.95203805303202,Stone,28.1
6229087f5159e400009d0ae6,24,Truck,10.375019484160315,59.95219092677049,10.374701524571329,59.95201776676141,Stone,28.0
62290954eb719b00005e8088,4,Truck,10.37518527180879,59.9521255908933,10.374990580613142,59.95206467812877,Stone,15.0
622909ac13be240000178206,15,Truck,10.374969977063644,59.95219363321594,10.374791718593276,59.95204210305842,Stone,28.1
62290a6d6dce3c000005e189,24,Truck,10.375002621362777,59.95219166305647,10.374605790581024,59.952028577754575,Stone,28.0
62290ae10919ba0000645cf4,4,Truck,10.375211969894204,59.95212458248671,10.374175775805837,59.9527231185324,Stone,15.0
62290b8dfb308400005d4ee9,15,Truck,10.37501002815504,59.95219121313125,10.374677000689603,59.95203178624208,Stone,28.1
62290bebb6df9d0000e366d1,24,Truck,10.374994045293985,59.95219217946942,10.37472866381636,59.95203177925491,Stone,28.0
62290c94d8d58e000013b17f,4,Truck,10.375233425028174,59.952123771121386,10.375212486439786,59.95212456245022,Stone,15.0
62290d0e36f2b40000704f55,15,Truck,10.375022975688236,59.95219043076217,10.374755133936963,59.95203320919717,Stone,28.1
62290d95675d810000dcd354,24,Truck,10.375160715134951,59.95218208398873,10.374714107934464,59.95204269049709,Stone,28.0
62290e25349a260000e30bf4,4,Truck,10.375184979076746,59.9521256020198,10.37325150334311,59.95344735687594,Stone,15.0
62290eb121d00c0000871226,15,Truck,10.375005081159436,59.95219151274107,10.374704240363972,59.95203863225994,Stone,28.1
62290f1ec513520000b0e100,24,Truck,10.375006726981512,59.95219136807894,10.37471205467236,59.95202693989575,Stone,28.0
62290f928c4dad000044dec4,4,Truck,10.37531933983701,59.95212052418957,10.374196646744734,59.95276435749601,Stone,15.0
6229127716ffb800006bcd2d,15,Truck,10.374989590195437,59.95219244812207,10.374744732929916,59.9520429016192,Stone,28.1
622913112c1045000057c5a3,24,Truck,10.37512907383627,59.95218401968754,10.374580433105503,59.95203191639633,Stone,28.0
622913b7c851020000397bc8,4,Truck,10.375289024148014,59.95212166989077,10.375801278287897,59.95146956300359,Stone,15.0
622914420feb780000f570ce,15,Truck,10.37498875895181,59.95219249820223,10.37479701766544,59.95203944238818,Stone,28.1
6229168b7fb51300009a0717,24,Truck,10.3749601087506,59.95219420889183,10.374670021527445,59.95205492627427,Stone,28.0
6229177d4710240000e4cb7e,15,Truck,10.375020741020387,59.95219056580313,10.374745537585795,59.95206543068736,Stone,28.1
622917cab6adf5000030f1f3,4,Truck,10.375065850103622,59.95171942753713,10.374915646398788,59.95212750049304,Stone,15.0
62291875b7e3920000bf6de5,24,Truck,10.374747024290762,59.95233496671468,10.374586328590755,59.9520467498483,Stone,28.0
62291de2442db500001fafdf,4,Truck,10.375615971424647,59.95194349182579,10.3748614993043,59.95217821100722,Stone,15.0
62291e4ad3c93400008a20dd,15,Truck,10.375289955313503,59.95208746934468,10.374803942930784,59.95205535711861,Stone,28.1
62291f634fe3760000ccf7de,24,Truck,10.375027536721689,59.9522377504515,10.3745040189565,59.952039506993486,Stone,28.0
6229204c027d76000086f0ad,4,Truck,10.37556895269239,59.95195779758704,10.374894524002796,59.95208257349204,Stone,15.0
622920bb6108510000447dc6,15,Truck,10.375298249440467,59.95208775216117,10.37465000166028,59.952056104278704,Stone,28.1
62292171ac203400001220ab,24,Truck,10.375044942559509,59.952260881323504,10.37450956828879,59.95204856553758,Stone,28.0
6229220065d7aa00002d7ce7,4,Truck,10.375651990965553,59.95194916499709,10.374476686129697,59.952083579320416,Stone,15.0
6229229ab2667b0000f13ed2,15,Truck,10.375507107239835,59.951987989545565,10.3753879348341,59.95207792261843,Stone,28.1
62292370902f950000f4854b,24,Truck,10.374852116247803,59.95239692353245,10.37462609209414,59.95206700708092,Stone,28.0
622924ca29184a0000c6a79d,15,Truck,10.375359242343466,59.95205736090238,10.374674042973012,59.95212540139796,Stone,28.1
622924e9c6471b0000e4a5ae,4,Truck,10.374659495437866,59.95206057099621,10.374869713569408,59.95181665761392,Stone,15.0
6229256692d1b70000794e53,24,Truck,10.374850025657876,59.95220070361364,10.374502305604922,59.95206891173012,Stone,28.0
622926003e01ac00005bfab5,4,Truck,10.375461263817469,59.95192755182287,10.374760916466242,59.95187771977852,Stone,15.0
62292683a9384d0000b6f5e4,15,Truck,10.375296099599325,59.95208262184263,10.374587416586984,59.95211265519604,Stone,28.1
62292723a613f50000a269d2,24,Truck,10.374901760371689,59.952343325598186,10.37447263705829,59.95208000086968,Stone,28.0
622927ca3743f30000e76eb1,4,Truck,10.375587251187197,59.95194466914975,10.374625716368085,59.9521406181715,Stone,15.0
622928781c28f100003a3b01,15,Truck,10.375511380087152,59.95198602286088,10.37470185488676,59.95205836544362,Stone,28.1
622929179a2b080000195313,24,Truck,10.374983674057212,59.95223845522009,10.37463126669307,59.95208786862423,Stone,28.0
622929c2bf6bcc0000bd69a1,4,Truck,10.375637650157982,59.95195003623793,10.374421617025858,59.95215029926966,Stone,15.0
62292aa2b654da0000bd9ecc,15,Truck,10.375516176690695,59.95204106051153,10.37470062070805,59.95211321756825,Stone,28.1
62292aef9dd8660000133317,24,Truck,10.374935739238902,59.95223427340502,10.374606024339707,59.95210018500274,Stone,28.0
62292baed8b41900003f826f,4,Truck,10.375379878040285,59.95207966065028,10.374718587855224,59.9522772431932,Stone,15.0
62292c303bd89e00001890ee,15,Truck,10.375525092448576,59.951994485938656,10.374658245484378,59.95208932040072,Stone,28.1
62292cd2259a440000195bd1,24,Truck,10.375044852090102,59.95226773365512,10.374663784789876,59.95207999813257,Stone,28.0
62292d9997de0b0000ac3e74,4,Truck,10.37576125857876,59.95193693228742,10.37412464619649,59.95280438108365,Stone,15.0
62292e2cb3746f00001dbfa0,15,Truck,10.375590172107293,59.95197745209857,10.374736415057807,59.952156826561286,Stone,28.1
62292ec9230753000063f941,24,Truck,10.375070756487776,59.95224172700211,10.374633506869946,59.952106811784496,Stone,28.0
62292f92ddda8900000846d7,4,Truck,10.375653929391165,59.95194793500973,10.375072890902286,59.95190030900757,Stone,15.0
6229303e9a96610000fce60c,15,Truck,10.375422815526251,59.95195479324167,10.374641985563716,59.95213959059758,Stone,28.1
622930c53dfe3f0000814141,24,Truck,10.374998368409354,59.95226284474792,10.374548586796385,59.95211423181792,Stone,28.0
62293191009ed00000276df8,4,Truck,10.375701891724775,59.95196037868875,10.374930230910309,59.95205826597284,Stone,15.0
622932167f9ebf00001cfae8,15,Truck,10.37561700980639,59.95198012315217,10.37469309110864,59.95211181354923,Stone,28.1
622932db5993460000f90e33,24,Truck,10.37506070095055,59.95224801454441,10.37463910204095,59.95211903901855,Stone,28.0
6229339375328d0000c830c2,4,Truck,10.375557185502428,59.95195789950023,10.374251296753412,59.95270224759351,Stone,15.0
6229348f1ba646000009a064,15,Truck,10.375311407789498,59.9520745420449,10.37460973328324,59.95213929545318,Stone,28.1
622935c48a952c000076b329,24,Truck,10.375151037966608,59.95219570152262,10.321159165918244,59.97704184804499,Stone,28.0
